sample_name,allele1,allele2
P2P8_F02_SJ1_5142139,352,352
P2P8_E10_SJ1_5142866,352,352
P2P8_H11_SJ1_5142813,352,352
P2P8_C04_SJ1_5142739,352,352
P2P8_C11_SJ1_5088528,352,352
P2P8_B06_SJ1_5088550,352,386
P2P8_H04_SJ1_5142763,352,386
P2P8_D02_SJ1_5088565,352,352
P2P8_C09_SJ1_5139758,352,386
P2P8_D02_SJ1_5088587,352,352
P2P8_C06_SJ1_5142869,352,352
P2P8_C07_SJ1_5142129,352,352
P2P8_H06_SJ1_5142731,352,386
P2P8_C04_SJ1_5152865,352,352
P2P8_C05_SJ1_5042356,352,386
P2P8_B08_SJ1_5198942,352,NA
P2P8_F03_SJ1_5142829,352,352
P2P8_E03_SJ1_5088599,352,352
P2P8_E08_SJ1_5142173,352,352
P2P8_G01_SJ1_5152845,352,352
P2P8_D08_SJ1_5142168,352,352
P2P8_B03_SJ1_5142832,352,386
P2P8_H11_SJ1_5088567,352,352
P2P8_A06_SJ1_5142775,352,352
P2P8_D09_SJ1_5139758,NA,NA
P2P8_B10_SJ1_5142732,352,386
P2P8_C06_SJ1_5088536,352,352
P2P8_C08_SJ1_5142166,352,386
P2P8_H01_SJ1_5042398,352,386
P2P8_A11_SJ1_5021666,352,352
P2P8_C02_SJ1_5139854,352,386
P2P8_E08_SJ1_5139824,352,352
P2P8_F11_SJ1_5142841,352,386
P2P8_E01_SJ1_5088562,352,386
P2P8_D07_SJ1_5142847,352,386
P2P8_B06_SJ1_5142765,352,386
P2P8_C11_SJ1_5142794,352,386
P2P8_D08_SJ1_5142897,352,NA
P2P8_A03_SJ1_5042392,352,386
P2P8_G06_SJ1_5138342,352,386
P2P8_G07_SJ1_5142156,352,352
P2P8_E12_SJ1_5088574,352,386
P2P8_C08_SJ1_5142701,352,386
P2P8_D07_SJ1_5042352,352,386
P2P8_A02_SJ1_5088589,352,386
P2P8_H08_SJ1_5142702,352,386
P2P8_H05_SJ1_5152929,352,386
P2P8_D06_SJ1_5142769,352,386
P2P8_F10_SJ1_5088552,352,352
P2P8_E04_SJ1_5148855,352,352
P2P8_H03_SJ1_5021651,352,386
P2P8_D09_SJ1_5088576,352,386
P2P8_G08_SJ1_5142197,352,386
P2P8_G07_SJ1_5142213,352,386
P2P8_E08_SJ1_5133369,352,352
P2P8_F01_SJ1_5138786,352,352
P2P8_G05_SJ1_5142761,352,386
P2P8_G08_SJ1_5042345,352,352
P2P8_D04_SJ1_5042346,352,352
P2P8_F10_SJ1_Blank,352,386
P2P8_G10_SJ1_5142239,352,352
P2P8_G02_SJ1_5142837,352,352
P2P8_A09_SJ1_5138342,352,386
P2P8_F02_SJ1_5088564,352,352
P2P8_G12_SJ1_5088584,352,386
P2P8_F11_SJ1_5042325,352,352
P2P8_H06_SJ1_5042398,352,386
P2P8_H02_SJ1_5142830,352,352
P2P8_G11_SJ1_5088570,352,352
P2P8_D04_SJ1_5138395,352,386
P2P8_B05_SJ1_5088551,352,386
P2P8_C04_SJ1_5042348,352,352
P2P8_G06_SJ1_5147183,352,352
P2P8_C12_SJ1_5142833,352,352
P2P8_A10_SJ1_5142230,352,386
P2P8_C05_SJ1_5142768,352,352
P2P8_D05_SJ1_5142770,352,386
P2P8_F07_SJ1_5139776,352,386
P2P8_H09_SJ1_5142727,352,386
P2P8_E09_SJ1_5138756,352,386
P2P8_A03_SJ1_5138241,352,386
P2P8_F07_SJ1_5152868,352,386
P2P8_D05_SJ1_5151762,352,386
P2P8_G06_SJ1_5152845,352,352
P2P8_A08_SJ1_5142161,352,352
P2P8_G02_SJ1_5088566,352,352
P2P8_D09_SJ1_5142267,352,352
P2P8_A03_SJ1_5142893,352,352
P2P8_H04_SJ1_5142855,352,352
P2P8_G08_SJ1_5138233,NA,NA
P2P8_A04_SJ1_5142736,352,386
P2P8_A04_SJ1_5142834,352,386
P2P8_H01_SJ1_5152954,352,352
P2P8_B02_SJ1_5139829,352,386
P2P8_C01_SJ1_5138757,352,386
P2P8_D06_SJ1_5042399,352,352
P2P8_H10_SJ1_5021653,352,386
P2P8_F09_SJ1_5142853,352,386
P2P8_A07_SJ1_5088517,352,352
P2P8_D10_SJ1_5138233,NA,NA
P2P8_F04_SJ1_5142884,352,352
P2P8_D01_SJ1_5088561,352,352
P2P8_B05_SJ1_5138250,352,352
P2P8_A01_SJ1_5042368,352,352
P2P8_C11_SJ1_5088553,352,352
P2P8_A06_SJ1_5142868,352,386
P2P8_A10_SJ1_5142728,352,352
P2P8_A08_SJ1_5142720,352,386
P2P8_F04_SJ1_5042353,352,352
P2P8_E07_SJ1_5142230,352,352
P2P8_D12_SJ1_5152951,352,352
P2P8_F05_SJ1_5139877,352,386
P2P8_C01_SJ1_5088585,352,352
P2P8_G09_SJ1_5142726,352,386
P2P8_F07_SJ1_5042345,352,352
P2P8_B10_SJ1_5142824,352,352
P2P8_G02_SJ1_5139709,352,386
P2P8_B09_SJ1_5142705,352,352
P2P8_A06_SJ1_5138719,352,352
P2P8_A05_SJ1_5139829,352,386
P2P8_F03_SJ1_5138371,352,352
P2P8_C06_SJ1_5142799,352,386
P2P8_F08_SJ1_5042394,352,386
P2P8_H07_SJ1_5142161,352,352
P2P8_E06_SJ1_5139806,352,386
P2P8_A12_SJ1_5242331,352,352
P2P8_F01_SJ1_5088597,352,352
P2P8_D11_SJ1_5088555,352,386
P2P8_B02_SJ1_5088539,352,NA
P2P8_C10_SJ1_5142877,352,352
P2P8_H04_SJ1_5152850,352,386
P2P8_H08_SJ1_5142217,352,386
P2P8_G11_SJ1_5142756,352,352
P2P8_G02_SJ1_5142858,352,386
P2P8_D09_SJ1_5142716,352,352
P2P8_E04_SJ1_5042355,352,352
P2P8_G09_SJ1_5088557,352,352
P2P8_G03_SJ1_5088533,352,386
P2P8_D07_SJ1_5142869,352,386
P2P8_E12_SJ1_5088580,352,386
P2P8_C06_SJ1_5138266,352,386
P2P8_C01_SJ1_5042399,352,352
P2P8_G05_SJ1_5042397,352,386
P2P8_G04_SJ1_5142757,352,352
P2P8_G04_SJ1_5142852,352,386
P2P8_H01_SJ1_5139780,352,386
P2P8_E06_SJ1_5151731,352,352
P2P8_B02_SJ1_5088535,352,386
P2P8_E08_SJ1_5139898,352,386
P2P8_F08_SJ1_5142860,352,352
P2P8_G09_SJ1_5142124,352,352
P2P8_G01_SJ1_5088560,352,386
P2P8_F03_SJ1_5142121,352,352
P2P8_F12_SJ1_5142735,352,352
P2P8_E04_SJ1_5142854,352,352
P2P8_B08_SJ1_5142299,352,386
P2P8_D04_SJ1_5088535,352,386
P2P8_C03_SJ1_5142857,352,352
P2P8_E12_SJ1_5139785,352,386
P2P8_F04_SJ1_5142756,352,352
P2P8_E05_SJ1_5142771,352,386
P2P8_A05_SJ1_5142760,352,386
P2P8_B09_SJ1_5142241,352,352
P2P8_A07_SJ1_5142798,352,352
P2P8_G10_SJ1_5142896,352,352
P2P8_F04_SJ1_5152941,352,352
P2P8_G11_SJ1_5142840,352,386
P2P8_D11_SJ1_5042366,352,386
P2P8_A01_SJ1_5139757,352,352
P2P8_E03_SJ1_5152951,352,386
P2P8_A12_SJ1_5142814,352,386
P2P8_F08_SJ1_5142175,352,386
P2P8_F09_SJ1_5142725,352,352
P2P8_H05_SJ1_5133370,352,386
P2P8_A10_SJ1_5139758,352,352
P2P8_A04_SJ1_5021668,352,386
P2P8_H04_SJ1_5142759,352,352
P2P8_B01_SJ1_5088521,352,352
P2P8_F01_SJ1_5042388,352,386
P2P8_F01_SJ1_5142832,352,386
P2P8_H01_SJ1_5088596,352,352
P2P8_A08_SJ1_5142149,352,386
P2P8_B03_SJ1_5088593,352,386
P2P8_E09_SJ1_5088519,352,352
P2P8_E05_SJ1_5138211,352,352
P2P8_B01_SJ1_5088582,352,386
P2P8_B09_SJ1_5139898,352,NA
P2P8_D07_SJ1_5142152,352,352
P2P8_C10_SJ1_5142145,352,386
P2P8_C01_SJ1_5088583,352,352
P2P8_G12_SJ1_5088579,352,352
P2P8_H03_SJ1_5142758,352,352
P2P8_D06_SJ1_5142298,352,386
P2P8_C02_SJ1_5088591,352,386
P2P8_A07_SJ1_5088540,352,352
P2P8_A02_SJ1_5139782,352,386
P2P8_E04_SJ1_5142741,352,386
P2P8_B07_SJ1_5088535,352,352
P2P8_B04_SJ1_5088569,352,386
P2P8_B03_SJ1_5139873,352,352
P2P8_G07_SJ1_5152889,352,386
P2P8_E05_SJ1_5142889,352,352
P2P8_D10_SJ1_5142733,352,386
P2P8_E01_SJ1_5138767,352,352
P2P8_B09_SJ1_5042391,352,352
P2P8_H03_SJ1_5042342,352,352
P2P8_B02_SJ1_5088563,352,352
P2P8_D08_SJ1_5042349,352,352
P2P8_G09_SJ1_5142836,352,352
P2P8_B12_SJ1_5139750,352,386
P2P8_B04_SJ1_5042385,352,352
P2P8_B07_SJ1_5152082,352,352
P2P8_A02_SJ1_5142167,352,386
P2P8_H02_SJ1_5088598,352,386
P2P8_H05_SJ1_5042317,352,352
P2P8_D12_SJ1_5088573,352,386
P2P8_F09_SJ1_5142859,352,NA
P2P8_D12_SJ1_5088577,352,386
P2P8_E11_SJ1_5142818,352,352
P2P8_C07_SJ1_5042343,352,352
P2P8_C09_SJ1_5088575,352,352
P2P8_A04_SJ1_5142824,352,352
P2P8_E05_SJ1_5042358,352,352
P2P8_G07_SJ1_5042347,352,352
P2P8_G03_SJ1_5021652,352,386
P2P8_H09_SJ1_5042369,352,386
P2P8_D10_SJ1_5142876,352,352
P2P8_B07_SJ1_5142137,352,352
P2P8_C09_SJ1_5142259,352,352
P2P8_B07_SJ1_5139789,352,386
P2P8_B11_SJ1_5021667,352,386
P2P8_B06_SJ1_5142776,352,386
P2P8_C02_SJ1_5088586,352,352
P2P8_D04_SJ1_5142740,352,386
P2P8_A02_SJ1_5142839,352,352
P2P8_G04_SJ1_5152873,352,352
P2P8_D01_SJ1_5138762,352,352
P2P8_C05_SJ1_5152957,352,386
P2P8_C03_SJ1_5138790,352,352
P2P8_C03_SJ1_5042384,352,386
P2P8_C10_SJ1_5139711,352,386
P2P8_G01_SJ1_5139779,352,352
P2P8_D02_SJ1_5139855,352,352
P2P8_E10_SJ1_5142766,352,352
P2P8_E03_SJ1_5138219,352,386
P2P8_A07_SJ1_5152078,352,386
P2P8_G03_SJ1_5142856,352,386
P2P8_A09_SJ1_5042395,352,386
P2P8_H08_SJ1_5142721,352,352
P2P8_E10_SJ1_5142720,352,386
P2P8_C12_SJ1_5142746,352,352
P2P8_D03_SJ1_5042386,352,352
P2P8_A05_SJ1_5138270,352,386
P2P8_E09_SJ1_5142808,352,386
P2P8_F06_SJ1_5042388,352,386
P2P8_G10_SJ1_5139704,352,386
P2P8_H08_SJ1_5088524,352,386
P2P8_E09_SJ1_5142723,352,352
P2P8_F07_SJ1_5142155,352,352
P2P8_D06_SJ1_5142801,352,352
P2P8_D10_SJ1_5139739,352,386
P2P8_G05_SJ1_5142773,352,352
P2P8_E10_SJ1_5142212,352,386
P2P8_B04_SJ1_5142882,352,386
P2P8_D01_SJ1_5088531,352,386
P2P8_E06_SJ1_5133371,352,352
P2P8_E07_SJ1_5142154,352,386
P2P8_H03_SJ1_5142833,352,352
P2P8_H07_SJ1_5042354,352,386
P2P8_A05_SJ1_5142820,352,352
P2P8_A09_SJ1_5142704,352,386
P2P8_B08_SJ1_5042389,352,352
P2P8_H09_SJ1_5088534,352,NA
P2P8_C02_SJ1_5088536,352,386
P2P8_E01_SJ1_5042350,352,386
P2P8_F10_SJ1_5142734,352,352
P2P8_C03_SJ1_5088594,352,352
P2P8_F12_SJ1_5088578,352,386
P2P8_F06_SJ1_5142275,352,386
P2P8_A09_SJ1_5142239,352,352
P2P8_A03_SJ1_5088592,352,386
P2P8_E11_SJ1_5042367,352,386
P2P8_H07_SJ1_5152954,352,352
P2P8_F02_SJ1_5139830,352,NA
P2P8_F11_SJ1_5088572,352,352
P2P8_H10_SJ1_5088511,352,352
P2P8_G08_SJ1_5139891,352,386
P2P8_B10_SJ1_5088559,352,352
P2P8_E03_SJ1_5142885,352,386
P2P8_E01_SJ1_5088558,352,386
P2P8_C07_SJ1_5152845,352,386
P2P8_A08_SJ1_5142279,352,386
P2P8_G01_SJ1_5042383,352,352
P2P8_F06_SJ1_5142171,352,386
P2P8_G06_SJ1_5139858,352,352
P2P8_A11_SJ1_5142107,352,352
P2P8_F09_SJ1_5139712,352,352
P2P8_E02_SJ1_5088590,352,352
P2P8_C05_SJ1_5142764,352,352
P2P8_F05_SJ1_5138325,352,352
P2P8_A10_SJ1_5142133,352,386
P2P8_E02_SJ1_5142212,352,386
P2P8_B10_SJ1_5142106,352,386
P2P8_D02_SJ1_5139892,352,NA
P2P8_D08_SJ1_5142783,352,386
P2P8_C08_SJ1_5042390,352,352
P2P8_H05_SJ1_5142774,352,352
P2P8_D11_SJ1_5151758,352,386
P2P8_B08_SJ1_5142165,352,352
P2P8_E07_SJ1_5152815,352,386
P2P8_B06_SJ1_5138720,352,386
P2P8_B01_SJ1_5088550,352,386
P2P8_B04_SJ1_5142738,352,352
P2P8_A01_SJ1_5088581,352,386
P2P8_A12_SJ1_5142746,352,386
P2P8_B12_SJ1_5152865,352,352
P2P8_C10_SJ1_5142225,352,352
P2P8_D03_SJ1_5021665,352,352
P2P8_H07_SJ1_5142157,352,386
P2P8_A01_SJ1_5142733,352,386
P2P8_F06_SJ1_5142778,352,352
P2P8_E02_SJ1_5088580,352,386
P2P8_B11_SJ1_5088556,352,386
P2P8_D05_SJ1_5042357,352,386
P2P8_E07_SJ1_5133360,352,386
P2P8_A06_SJ1_5042356,352,386
P2P8_G03_SJ1_5151768,352,386
P2P8_F05_SJ1_5138790,352,352
P2P8_H02_SJ1_5142887,352,386
P2P8_F03_SJ1_5021650,352,352
P2P8_E02_SJ1_5142164,352,352
P2P8_H09_SJ1_5138752,352,352
P2P8_D03_SJ1_5142835,352,352
P2P8_F10_SJ1_5142863,352,352
P2P8_A11_SJ1_5088554,352,352
P2P8_F12_SJ1_5133384,352,352
P2P8_F08_SJ1_5139859,352,386
P2P8_D05_SJ1_5142767,352,352
P2P8_H06_SJ1_5142795,352,352
P2P8_B03_SJ1_5042343,352,352
P2P8_D01_SJ1_5088536,352,352
P2P8_G04_SJ1_5042351,352,386
P2P8_H06_SJ1_5142782,352,352
P2P8_C09_SJ1_5142707,352,386
P2P8_F02_SJ1_5142191,352,352
P2P8_B05_SJ1_5142851,352,352
P2P8_E11_SJ1_5088568,352,386
P2P8_F05_SJ1_5142772,352,352
P2P8_H10_SJ1_5133368,352,386
P2P8_G12_SJ1_5142748,NA,NA
P2P8_C08_SJ1_5138326,352,386
P2P8_C04_SJ1_5138310,352,386
P2P8_E06_SJ1_5042392,352,386
P2P8_B12_SJ1_5142815,352,386
P2P8_D03_SJ1_5139727,352,352
P2P8_C07_SJ1_5142278,352,386
P2P8_C12_SJ1_5152140,352,386
P2P8_B11_SJ1_5142746,352,386
P2P8_B05_SJ1_5142763,352,386
P2P8_G05_SJ1_5142787,352,386